{
  "IsEncrypted": false,
  "Values": {
    "AzureWebJobsStorage": "",
    "FUNCTIONS_WORKER_RUNTIME": "python",
    "ADLS_ACCOUNT_NAME": "cassandradata",
    "ADLS_ACCOUNT_KEY": "FQtON8XESvnPfOZs9c3cmbuaVSBEOW6Nl+1+H3HfI/QqqEh11l/eZ1L3WjaUxG4LC0cVBE42ysLE+AStn6tR5A==",
    "ADLS_CONTAINER": "dcstarget",
    "ADLS_FOLDER_PATH": "cassandratables",
    "CASSANDRA_HOST": "20.81.177.139",
    "CASSANDRA_PORT": "9042",
    "CASSANDRA_USER": "adf_user",
    "CASSANDRA_PASSWORD": "Test@123",
    "CASSANDRA_KEYSPACE": "dcs_target"
  }
}